{"entities":{"pages":{"Home":{"id":"Home","title":"Getting Started","url":"home.html","level":0,"pages":["filestructure"],"tabIndex":0},"filestructure":{"id":"filestructure","title":"Familiarizing with the Writerside File Structure","url":"filestructure.html","level":1,"parentId":"Home","tabIndex":0},"Templates":{"id":"Templates","title":"Templates","url":"templates.html","level":0,"pages":["Default-topic","Starter","How-to","Overview","Reference","Tutorial"],"tabIndex":1},"Default-topic":{"id":"Default-topic","title":"This is the first topic","url":"default-topic.html","level":1,"parentId":"Templates","tabIndex":0},"Starter":{"id":"Starter","title":"Starter","url":"starter.html","level":1,"parentId":"Templates","tabIndex":1},"How-to":{"id":"How-to","title":"How to","url":"how-to.html","level":1,"parentId":"Templates","tabIndex":2},"Overview":{"id":"Overview","title":"Overview","url":"overview.html","level":1,"parentId":"Templates","tabIndex":3},"Reference":{"id":"Reference","title":"Reference","url":"reference.html","level":1,"parentId":"Templates","tabIndex":4},"Tutorial":{"id":"Tutorial","title":"Tutorial","url":"tutorial.html","level":1,"parentId":"Templates","tabIndex":5}}},"topLevelIds":["Home","Templates"]}